"Int,Id","String,Name","String,Owner","String,Path"
序号,名称,作者,路径
1,Yesterday Once More,Done Again,https://cyberverse.hwcloudtest.cn:443/assets-mgr/arcyberverse/hola/filter%2FMusic%2FDone Again - Yesterday Once More.mp3
2,冲动的惩罚,刀郎,https://cyberverse.hwcloudtest.cn:443/assets-mgr/arcyberverse/hola/filter%2FMusic%2F刀郎 - 冲动的惩罚.mp3
3,耳朵怀孕单曲循坏系列，在幻境中彷徨，我身在何方？ ,动漫唯美风,https://cyberverse.hwcloudtest.cn:443/assets-mgr/arcyberverse/hola/filter%2FMusic%2F动漫唯美风 - 耳朵怀孕单曲循坏系列，在幻境中彷徨，我身在何方？ .mp3
4,追梦人,凤飞飞,https://cyberverse.hwcloudtest.cn:443/assets-mgr/arcyberverse/hola/filter%2FMusic%2F凤飞飞 - 追梦人.mp3
5,只要平凡,韩红,https://cyberverse.hwcloudtest.cn:443/assets-mgr/arcyberverse/hola/filter%2FMusic%2F韩红 - 只要平凡.mp3
6,温馨时刻,胡伟立,https://cyberverse.hwcloudtest.cn:443/assets-mgr/arcyberverse/hola/filter%2FMusic%2F胡伟立 - 温馨时刻.mp3
7,你的样子,林志炫,https://cyberverse.hwcloudtest.cn:443/assets-mgr/arcyberverse/hola/filter%2FMusic%2F林志炫 - 你的样子.mp3
8,清心普善咒 ,群星,https://cyberverse.hwcloudtest.cn:443/assets-mgr/arcyberverse/hola/filter%2FMusic%2F群星 - 清心普善咒 .mp3
9,只要平凡(复制版本),韩红,https://cyberverse.hwcloudtest.cn:443/assets-mgr/arcyberverse/hola/filter%2FMusic%2F韩红 - 只要平凡.mp3
